firstName,lastName,age,line1,city,state,gender
Adrian,Benavides,54,1775 11th,San Francisco,CA,Female
Carla,Borgonovo,42,82 T.W. Alexander Drive,Durham,NC,Female
Ann,Bowles,39,80 T.W. Alexander Drive,RTP,NC,Female
B,Bradley,24,79 T.W. Alexander Drive,Durham,NC,Male
Al,Broumand,60,2530 Berryessa Rd. # 524,San Francisco,Calif,Male
David,Campbell,33,2035 Gateway Place,Walnut Creek,CA,Male
Dan,Casey,26,1776 11th,SF,CA,Male
Andy,Com,48,602 Van Ness Ave.,San Francisco,CA,Male
Brenda,Cowan,34,4501 Durham Chapel Hill Boulevard,Chapel Hill,NC,Female
Chris,Dailey,21,1761 Marin Ave,Durham,NC,Male
Christopher,Damman,43,2034 Gateway Place,San Francisco,CA,Male
Dan,Davis,37,602 Van Ness Ave.,San Francisco,CA,Male
Carol,Diesner,49,1762 Marin Ave,Raleigh,NC,Male
Dee,Elson,53,1777 11th,Walnut Creek,Cali,Male
Darres,Fischer,34,"3104 Deerpark Dr,",Walnut Creek,CA,Male
Brenna,Fischer,23,401 W. Main Street #604,Raleigh,NC,Female
Claire,Friesen,42,1259 1/2 11th Ave.,San Francisco,CA,Male
Darin,Gelber,48,2531 Berryessa Rd. # 524,SF,CA,Male
Anne,Hall,40,2820 Pickett Road,Durham,NC,Female
Ann,Hansen,29,1760 Marin Ave,Raleigh,NC,Female
Andre,Kahn,57,1259 1/2 11th Ave.,SF,cali,Male
Adam,Kehoe,29,1258 1/2 11th Ave.,San Francisco,CA,Male
Anna,Kuensch,38,1330 Hamlin Road,Chapel Hill,NC,Female
Bill,Lee,31,1335 Hamlin Road,RTP,NC,Male
chris,Leontovitch,38,1331 Hamlin Road,Raleigh,NC,Male
Daryl,Mcenhill,39,202 E. Santa Clara St,Walnut Creek,calif,Female
Chris,Moore,58,2531 Berryessa Rd. # 524,SF,CA,Male
Blair,Murphy,30,1761 Marin Ave,RTP,NC,Male
Dervla,Peterson,50,603 Van Ness Ave.,Walnut Creek,CA,Male
Alison,Propeller,50,2828 Aiello Dr #A,San Francisco,CA,Male
Alan,Prussia,44,200 E. Santa Clara St,San Francisco,CA,Male
Blair,Robinson,52,1331 Hamlin Road,RTP,NC,Male
Alix,Rowan,53,2033 Gateway Place,San Francisco,CA,Male
Ayla,Savelli,27,4500 Durham Chapel Hill Boulevard,RTP,NC,Male
Brenda,See,35,80 T.W. Alexander Drive,Durham,NC,Female
Christina,Sharron,52,2829 Aiello Dr #A,San Francisco,CA,Female
Dave,Simonds,21,2830 Aiello Dr #A,Walnut Creek,CA,Male
Brandi,Thomas,48,4031 East Cornwallis Road,Raleigh,NC,Male
Chris,Thomas,55,201 E. Santa Clara St,San Francisco,CA,Male
Debi,Tonra,48,1260 1/2 11th Ave.,Walnut Creek,Calif,Female
Bill,Westgard,32,81 T.W. Alexander Drive,RTP,NC,Male
Annie,Wishnie,48,4030 East Cornwallis Road,Raleigh,NC,Female
Cat,Wong,56,81 T.W. Alexander Drive,Chapel Hill,NC,Female
Allen,Zimmers,38,735 Crocker Ave,San Francisco,CA,Male
